Hs_sim,T_sim,dir_sim,n_sim,dyn_y
0.5,2.5,90,160.0,"{""0"":{""0"":0.0,""1"":0.2000990212,""2"":0.5017661452,""3"":0.8159965873,""4"":1.115790844,""5"":1.3925677538,""6"":1.643393755,""7"":1.8671357632,""8"":2.0633151531,""9"":2.2317945957,""10"":2.3724617958,""11"":2.4853475094,""12"":2.5708713531,""13"":2.6291575432,""14"":2.6608076096,""15"":2.6664195061,""16"":2.6466407776,""17"":2.6023013592,""18"":2.5343153477,""19"":2.4436693192,""20"":2.3314101696,""21"":2.1987249851,""22"":2.0467522144,""23"":1.8765406609,""24"":1.6893670559,""25"":1.4862128496,""26"":1.2681596279,""27"":1.0362007618,""28"":0.7921003103,""29"":0.5398324728,""30"":0.290574491,""31"":0.0784467384,""32"":0.0116190584,""33"":0.0038766868,""34"":0.0045385454,""35"":0.0059642494,""36"":0.0086555993,""37"":0.0100517217,""38"":0.0092757,""39"":0.008119355,""40"":0.0067457133,""41"":0.0052986951,""42"":0.0038352604,""43"":0.0024010511,""44"":0.0010699643,""45"":0.0}}"
