Hs_sim,T_sim,dir_sim,n_sim,damage_copper_pthies,scaled_damage_copper_pthies,damage_copper_pthies_total
0.5,2.5,90,160.0,8.06685472390742e-08,1.2906967558251873e-05,1.2906967558251873e-05
0.5,3.5,90,2064.0,8.06685472390742e-08,0.00016649988150144917,0.00017940684905970103
1.5,3.5,90,110.0,8.151512824163132e-08,8.966664106579445e-06,0.00018837351316628047
0.5,4.5,90,802.0,8.06685472390742e-08,6.469617488573752e-05,0.000253069688052018
1.5,4.5,90,726.0,8.151512824163132e-08,5.9179983103424335e-05,0.0003122496711554423
2.5,4.5,90,13.0,9.206684797078863e-08,1.1968690236202523e-06,0.00031344654017906255
0.5,5.5,90,89.0,8.06685472390742e-08,7.1795007042776045e-06,0.00032062604088334013
