Hs_sim,T_sim,dir_sim,n_sim,damage_copper_dbeier,scaled_damage_copper_dbeier,damage_copper_dbeier_total
0.5,2.5,90,160.0,9.381254719218243e-07,0.00015010007550749188,0.00015010007550749188
0.5,3.5,90,2064.0,9.381254719218243e-07,0.0019362909740466454,0.002086391049554137
1.5,3.5,90,110.0,1.025028247322971e-06,0.0001127531072055268,0.002199144156759664
0.5,4.5,90,802.0,9.381254719218243e-07,0.000752376628481303,0.002951520785240967
