Hs_sim,T_sim,dir_sim,n_sim,damage_copper_pthies,scaled_damage_copper_pthies,damage_copper_pthies_total
0.5,2.5,45,74.0,3.923222354353774e-06,0.00029031845422217926,0.00029031845422217926
0.5,3.5,45,1648.0,2.9289295525047436e-06,0.004826875902527818,0.005117194356749997
1.5,3.5,45,45.0,3.2529210998539183e-06,0.00014638144949342632,0.005263575806243423
0.5,4.5,45,1566.0,3.0033135698845447e-06,0.004703189050439197,0.00996676485668262
