Hs_sim,T_sim,dir_sim,n_sim,damage_copper_dbeier,scaled_damage_copper_dbeier,damage_copper_dbeier_total
0.5,2.5,90,160.0,8.110060537980923e-08,1.2976096860769477e-05,1.2976096860769477e-05
0.5,3.5,90,2064.0,8.110060537980923e-08,0.00016739164950392625,0.00018036774636469573
1.5,3.5,90,110.0,8.24510815340683e-08,9.069618968747514e-06,0.00018943736533344325
0.5,4.5,90,802.0,8.110060537980923e-08,6.5042685514607e-05,0.00025448005084805023
1.5,4.5,90,726.0,8.24510815340683e-08,5.985948519373359e-05,0.00031433953604178384
2.5,4.5,90,13.0,1.0785518329785148e-07,1.4021173828720694e-06,0.0003157416534246559
0.5,5.5,90,89.0,8.110060537980923e-08,7.217953878803022e-06,0.00032295960730345893
