Hs_sim,T_sim,dir_sim,n_sim,damage_copper_pthies,scaled_damage_copper_pthies,damage_copper_pthies_total
0.5,2.5,90,160.0,1.000830114342999e-06,0.00016013281829487983,0.00016013281829487983
0.5,3.5,90,2064.0,1.000830114342999e-06,0.00206571335600395,0.00222584617429883
1.5,3.5,90,110.0,1.0769293785142158e-06,0.00011846223163656374,0.0023443084059353936
0.5,4.5,90,802.0,1.000830114342999e-06,0.0008026657517030852,0.003146974157638479
