Hs_sim,T_sim,dir_sim,n_sim,damage_copper_dbeier,scaled_damage_copper_dbeier,damage_copper_dbeier_total
0.5,2.5,45,74.0,3.71727704967372e-06,0.00027507850167585526,0.00027507850167585526
0.5,3.5,45,1648.0,2.7111283330234094e-06,0.0044679394928225785,0.004743017994498434
1.5,3.5,45,45.0,2.5370385058999922e-06,0.00011416673276549965,0.004857184727263934
0.5,4.5,45,1566.0,2.6530148988136064e-06,0.004154621331542108,0.00901180605880604
