Hs_sim,T_sim,dir_sim,n_sim,damage_copper_pthies,scaled_damage_copper_pthies,damage_copper_pthies_total
0.5,2.5,90,160.0,4.019916682257239e-06,0.0006431866691611583,0.0006431866691611583
0.5,3.5,90,2064.0,4.508258216707469e-06,0.009305044959284215,0.009948231628445372
1.5,3.5,90,110.0,4.8316442823245965e-06,0.0005314808710557056,0.010479712499501078
0.5,4.5,90,802.0,4.170677719644447e-06,0.0033448835311548466,0.013824596030655924
1.5,4.5,90,726.0,4.749252788819537e-06,0.003447957524682984,0.017272553555338906
2.5,4.5,90,13.0,5.526070679145847e-06,7.183891882889601e-05,0.017344392474167802
0.5,5.5,90,89.0,3.7236648588124594e-06,0.0003314061724343089,0.01767579864660211
1.5,5.5,90,188.0,4.834829639039303e-06,0.0009089479721393889,0.0185847466187415
2.5,5.5,90,110.0,5.916664567324762e-06,0.0006508331024057238,0.019235579721147224
